{
  "best_C": 20,
  "confidence_threshold": 0.4,
  "validation_accuracy": 0.8387,
  "validation_f1_macro": 0.8286,
  "test_accuracy": 0.7742,
  "test_f1_macro": 0.7951,
  "classification_report": {
    "confession_schedule": {
      "precision": 1.0,
      "recall": 0.75,
      "f1-score": 0.8571428571428571,
      "support": 4.0
    },
    "contact_info": {
      "precision": 1.0,
      "recall": 0.6666666666666666,
      "f1-score": 0.8,
      "support": 3.0
    },
    "donations": {
      "precision": 0.6666666666666666,
      "recall": 0.5,
      "f1-score": 0.5714285714285714,
      "support": 4.0
    },
    "events": {
      "precision": 0.5,
      "recall": 0.75,
      "f1-score": 0.6,
      "support": 4.0
    },
    "mass_times": {
      "precision": 0.5714285714285714,
      "recall": 1.0,
      "f1-score": 0.7272727272727273,
      "support": 4.0
    },
    "parish_history": {
      "precision": 1.0,
      "recall": 1.0,
      "f1-score": 1.0,
      "support": 3.0
    },
    "sacraments_baptism": {
      "precision": 1.0,
      "recall": 0.6666666666666666,
      "f1-score": 0.8,
      "support": 3.0
    },
    "scripture_lookup": {
      "precision": 1.0,
      "recall": 1.0,
      "f1-score": 1.0,
      "support": 3.0
    },
    "staff_directory": {
      "precision": 1.0,
      "recall": 0.6666666666666666,
      "f1-score": 0.8,
      "support": 3.0
    },
    "accuracy": 0.7741935483870968,
    "macro avg": {
      "precision": 0.8597883597883597,
      "recall": 0.7777777777777778,
      "f1-score": 0.7950937950937951,
      "support": 31.0
    },
    "weighted avg": {
      "precision": 0.8371735791090629,
      "recall": 0.7741935483870968,
      "f1-score": 0.7813992459153749,
      "support": 31.0
    }
  }
}